970,2015,CONSTRUCCIÓN DE REDES ELÉCTRICAS EN LA COMUNIDAD INDÍGENA DE TRULIYAMANA,99999999,99999999,2015-01-01,2015-01-01,1,44,44560,CONSTRUCCIÓN DE REDES ELÉCTRICAS EN LA COMUNIDAD INDÍGENA DE TRULIYAMANA,0,0,157653714,0,388364342,0,35
979,2015,ELECTRIFICACION RURAL VEREDAS TORTACO TAMARINDO Y CASTILLA,99999999,99999999,2015-01-01,2015-01-01,1,73,73217,ELECTRIFICACION RURAL VEREDAS TORTACO TAMARINDO Y CASTILLA,0,0,230710628,0,17570453794,0,35
980,2015,CONSTRUCCION DE REDES DE DISTRIBUCION EN AREA RURAL DE LOS MUNICIPIOS DE PAUJIL- MONTAÑITA Y CARTAGENA DEL CHAIRA,99999999,99999999,2015-01-01,2015-01-01,1,18,18410,CONSTRUCCION DE REDES DE DISTRIBUCION EN AREA RURAL DE LOS MUNICIPIOS DE PAUJIL- MONTAÑITA Y CARTAGENA DEL CHAIRA,0,0,17339743166,0,25426361723,0,1372
993,2015,CONSTRUCCION DE REDES DE DISTRIBUCION DE MEDIA Y BAJA TENSIÓN Y MONTAJES DE SUBESTACIONES DE DISTRIBUCION RURAL,99999999,99999999,2015-01-01,2015-01-01,1,18,18205,CONSTRUCCION DE REDES DE DISTRIBUCION DE MEDIA Y BAJA TENSIÓN Y MONTAJES DE SUBESTACIONES DE DISTRIBUCION RURAL,0,0,8086618557,0,9246208666,0,674
996,2015,ELECTRIFICACION RURAL VEREDAS MORROBAJO- LA OSERA. EL LIMONCITO Y CAMELLON PARTE ALTA,99999999,99999999,2015-01-01,2015-01-01,1,73,73624,ELECTRIFICACION RURAL VEREDAS MORROBAJO- LA OSERA. EL LIMONCITO Y CAMELLON PARTE ALTA,0,0,1159590109,0,3339627915,0,103
998,2015,AMPLIACION DEL SERVICIO ELECTRICO MEDIANTE LA CONSTRUCCION DE REDES ELECTRICAS DE MT- BT Y MONTAJE DE SUBESTACIONES DE DISTRIBUCION EN LOS CORREGIMIENTOS CABECERA MUNICIPAL- VEREDAS: LA CUMBRE- PEÑA BLANCA- SALVAVIDAS- TEQUENDAMA- CORREGIMIENTO CASCADAS- VEREDAS: EL TESORO- LLANADA- LOS ALPES- CORREGIMIENTO PARAISO- VEREDAS: EL CARMELO- EL FRESNO- EL MIRADOR- EL NARANJAL- LA CHEPA- PARAISO SECTORES CENTRO-NUEVO MILENIO- CORREGIMIENTO LA CEJA- VEREDAS: LA CEJA- LA ESMERALDA- QUITETO- CORREGIMIENTO CRUCERO BELLO- VEREDA: LA GRANJA,99999999,99999999,2015-01-01,2015-01-01,1,19,19785,AMPLIACION DEL SERVICIO ELECTRICO MEDIANTE LA CONSTRUCCION DE REDES ELECTRICAS DE MT- BT Y MONTAJE DE SUBESTACIONES DE DISTRIBUCION EN LOS CORREGIMIENTOS CABECERA MUNICIPAL- VEREDAS: LA CUMBRE- PEÑA BLANCA- SALVAVIDAS- TEQUENDAMA- CORREGIMIENTO CASCADAS- VEREDAS: EL TESORO- LLANADA- LOS ALPES- CORREGIMIENTO PARAISO- VEREDAS: EL CARMELO- EL FRESNO- EL MIRADOR- EL NARANJAL- LA CHEPA- PARAISO SECTORES CENTRO-NUEVO MILENIO- CORREGIMIENTO LA CEJA- VEREDAS: LA CEJA- LA ESMERALDA- QUITETO- CORREGIMIENTO CRUCERO BELLO- VEREDA: LA GRANJA,0,0,2180037806,0,7216864732,0,377
999,2015,CONSTRUCCIÓN DE REDES ELÉCTRICAS DE MEDIA Y BAJA TENSIÓN EN LAS VEREDAS  SANTA TERESA- LA PRADERA- EL ROSAL- ALTO ROSAL- EL ZARZAL- SAN ANDRES- PROVIDENCIA- LA BETANIA- LA ARENOSA- ALTO GUISIA- LA COSTEÑITA Y LOS LLANOS DEL MUNICIPIO DE VALLE DEL GUAMUEZ ,99999999,99999999,2015-01-01,2015-01-01,1,86,86865,CONSTRUCCIÓN DE REDES ELÉCTRICAS DE MEDIA Y BAJA TENSIÓN EN LAS VEREDAS  SANTA TERESA- LA PRADERA- EL ROSAL- ALTO ROSAL- EL ZARZAL- SAN ANDRES- PROVIDENCIA- LA BETANIA- LA ARENOSA- ALTO GUISIA- LA COSTEÑITA Y LOS LLANOS DEL MUNICIPIO DE VALLE DEL GUAMUEZ ,0,0,5036826926,0,9297033495,0,595
1001,2015,CONSTRUCCIÓN DE REDES DE DISTRIBUCIÓN DE MEDIA Y BAJA TENSIÓN Y MONTAJES DE SUBESTACIONES DE DISTRIBUCIÓN EN ÁREA RURAL DEL MUNICIPIO DE MILÁN DEPARTAMENTO DEL CAQUETÁ   ,99999999,99999999,2015-01-01,2015-01-01,1,18,18460,CONSTRUCCIÓN DE REDES DE DISTRIBUCIÓN DE MEDIA Y BAJA TENSIÓN Y MONTAJES DE SUBESTACIONES DE DISTRIBUCIÓN EN ÁREA RURAL DEL MUNICIPIO DE MILÁN DEPARTAMENTO DEL CAQUETÁ   ,0,0,4260206569,0,5863646570,0,261
1008,2015,CONSTRUCCION INFRAESTRUCTURA ELECTRICA EN LAS VEREDAS DE: LA ESPERANZA- LA FRANCIA- EL SOCORRO CONGUITAL- LA PERLA- EL RESPALDO Y BUENOS AIRES,99999999,99999999,2015-01-01,2015-01-01,1,5,5361,CONSTRUCCION INFRAESTRUCTURA ELECTRICA EN LAS VEREDAS DE: LA ESPERANZA- LA FRANCIA- EL SOCORRO CONGUITAL- LA PERLA- EL RESPALDO Y BUENOS AIRES,0,0,2211752939,608312938,2995827838,0,170
1022,2015,AMPLIACION ELECTRIFICACION VEREDAS PUENTE TABLA- LA ORQUETA- CAÑO CLARO Y LUCITANIA,99999999,99999999,2015-01-01,2015-01-01,1,81,81794,AMPLIACION ELECTRIFICACION VEREDAS PUENTE TABLA- LA ORQUETA- CAÑO CLARO Y LUCITANIA,0,0,1392387837,0,3229210083,0,129
1037,2015,AMPLIACION ELECTRIFICACION DISTRITO LOS LIBERTADORES Y VEREDA SANTA INES EN EL MUNICIPIO DE TAME DEPARTAMENTO DE ARAUCA (VEREDAS: TAMACAY MEDIO- ISLAS DEL CUSAY- NARANJOS I Y II- MALVINAS- AGUAS CLARAS- BRISAS DE TAMACAY- CALABALIA- CAÑO GRANDE Y SAN JOSE DE MORICHAL I Y II),99999999,99999999,2015-01-01,2015-01-01,1,81,81794,AMPLIACION ELECTRIFICACION DISTRITO LOS LIBERTADORES Y VEREDA SANTA INES EN EL MUNICIPIO DE TAME DEPARTAMENTO DE ARAUCA (VEREDAS: TAMACAY MEDIO- ISLAS DEL CUSAY- NARANJOS I Y II- MALVINAS- AGUAS CLARAS- BRISAS DE TAMACAY- CALABALIA- CAÑO GRANDE Y SAN JOSE DE MORICHAL I Y II),0,0,1836822246,0,3645999797,0,120
1041,2015,ELECTRIFICACION RURAL VEREDAS LA LEJIA- YARUMALES- VERBENA- BARBACOAS- DARIEN- VERGEL- CASTILLO Y EL DANUBIO,99999999,99999999,2015-01-01,2015-01-01,1,73,73616,ELECTRIFICACION RURAL VEREDAS LA LEJIA- YARUMALES- VERBENA- BARBACOAS- DARIEN- VERGEL- CASTILLO Y EL DANUBIO,0,0,1809177551,0,3568233260,0,271
1056,2015,DISEÑO DE REDES DE MEDIA Y BAJA TENSION- MONTAJE DE TRANSFORMADORES PARA LA ELECTRIFICACION RURAL DE LAS VEREDAS LA PALMA- LAS ROSAS- EL CUBIN- EL GRANADILLO- CRISTALES- UMPALA- MESETA GRANDE- SECTOR EL COBRE- SAN MIGUEL ALTO- CARTAGENA- SAN ISIDRO- CHUCURI- ALTO DE VACAS- CHORRERAS- Y CANEYES- PLANADAS- LA VEGA- EL CANELO- LA LOMA- SEVILLA- MIRAFLOREZ- GUAMO MEDIO- GUAMO PEQUEÑO- GUAMO GRANDE,99999999,99999999,2015-01-01,2015-01-01,1,68,68547,DISEÑO DE REDES DE MEDIA Y BAJA TENSION- MONTAJE DE TRANSFORMADORES PARA LA ELECTRIFICACION RURAL DE LAS VEREDAS LA PALMA- LAS ROSAS- EL CUBIN- EL GRANADILLO- CRISTALES- UMPALA- MESETA GRANDE- SECTOR EL COBRE- SAN MIGUEL ALTO- CARTAGENA- SAN ISIDRO- CHUCURI- ALTO DE VACAS- CHORRERAS- Y CANEYES- PLANADAS- LA VEGA- EL CANELO- LA LOMA- SEVILLA- MIRAFLOREZ- GUAMO MEDIO- GUAMO PEQUEÑO- GUAMO GRANDE,0,0,1759055709,0,1883607417,0,238
1058,2015,CONSTRUCCION DE REDES DE DISTRIBUCION DE ENERGIA ELECTRICA EN MEDIA Y BAJA TENSION- SUBESTACION AEREAS EN LA VEREDA MINUTO DE DIOS,99999999,99999999,2015-01-01,2015-01-01,1,70,70523,CONSTRUCCION DE REDES DE DISTRIBUCION DE ENERGIA ELECTRICA EN MEDIA Y BAJA TENSION- SUBESTACION AEREAS EN LA VEREDA MINUTO DE DIOS,0,0,124551708,0,309829426,0,12
1059,2015,ELECTRIFICACION RURAL VEREDAS ARENITAS - EL PAREJO,99999999,99999999,2015-01-01,2015-01-01,1,70,70204,ELECTRIFICACION RURAL VEREDAS ARENITAS - EL PAREJO,0,0,185277718,0,2886972791,0,22
1060,2015,ELECTRIFICACION RURAL VEREDAS MONGUI- COTOPRIX Y LOS CERRITOS,99999999,99999999,2015-01-01,2015-01-01,1,44,44001,ELECTRIFICACION RURAL VEREDAS MONGUI- COTOPRIX Y LOS CERRITOS,0,0,2701695073,0,10965923757,0,210
1063,2015,CONSTRUCCION RURAL DE LAS VEREDAS: CAÑO RINCON- SAN FRANCISCO 2- CAÑO BLANCO- LAS PAVAS- LA CONQUISTA- FORTALEZA- POTOSI ALTO- CAÑO AZUL- CAÑO BARROSO- EL RECREO- EL PORVENIR- CAÑO SECO- LA FLORIDA Y ALTO CACHAMA DEL MUNICIPIO DE EL RETORNO DEPARTAMENTO DEL GUAVIARE,99999999,99999999,2015-01-01,2015-01-01,1,95,95025,CONSTRUCCION RURAL DE LAS VEREDAS: CAÑO RINCON- SAN FRANCISCO 2- CAÑO BLANCO- LAS PAVAS- LA CONQUISTA- FORTALEZA- POTOSI ALTO- CAÑO AZUL- CAÑO BARROSO- EL RECREO- EL PORVENIR- CAÑO SECO- LA FLORIDA Y ALTO CACHAMA DEL MUNICIPIO DE EL RETORNO DEPARTAMENTO DEL GUAVIARE,0,0,8264228684,0,9050926881,0,347
1066,2015,AMPLIACION DE LA RED ELECTRICA VEREDAS TAMACAY- PUERTO MIRANDA Y MESETAS,99999999,99999999,2015-01-01,2015-01-01,1,81,81794,AMPLIACION DE LA RED ELECTRICA VEREDAS TAMACAY- PUERTO MIRANDA Y MESETAS,0,0,786698197,0,3824884754,0,48
1073,2015,CONSTRUCCIÓN REDES ELÉCTRICAS EN MEDIA Y BAJA TENSIÓN EN LAS VEREDAS SAN VICENTE ALTO- CAÑOS NEGROS- LA VENADA Y CAÑO RAYA EN EL MUNICIPIO DE PUERTO RICO META,99999999,99999999,2015-01-01,2015-01-01,1,50,50590,CONSTRUCCIÓN REDES ELÉCTRICAS EN MEDIA Y BAJA TENSIÓN EN LAS VEREDAS SAN VICENTE ALTO- CAÑOS NEGROS- LA VENADA Y CAÑO RAYA EN EL MUNICIPIO DE PUERTO RICO META,0,0,3038186557,0,3444085379,0,130
1074,2015,ELECTRIFICACION RURAL SALERO Y BOCAS DE SALERO,99999999,99999999,2015-01-01,2015-01-01,1,73,73585,ELECTRIFICACION RURAL SALERO Y BOCAS DE SALERO,0,0,405898822,0,882594730,0,37
1075,2015,ELECTRIFICACION RURAL VEREDA LOS CAUCHOS,99999999,99999999,2015-01-01,2015-01-01,1,73,73616,ELECTRIFICACION RURAL VEREDA LOS CAUCHOS,0,0,476695908,0,709630964,0,56
1087,2015,CONSTRUCCION REDES ELECTRICAS MEDIA Y BAJA TENSION Y SUBESTACIONES RURALES VEREDAS VARIAS DEL MUNICIPIO DE LA CAPILLA DEPARTAMENTO DE BOYACA ,99999999,99999999,2015-01-01,2015-01-01,1,15,15380,CONSTRUCCION REDES ELECTRICAS MEDIA Y BAJA TENSION Y SUBESTACIONES RURALES VEREDAS VARIAS DEL MUNICIPIO DE LA CAPILLA DEPARTAMENTO DE BOYACA ,0,0,232935056,0,2238175558,0,67
1094,2015,AMPLIACION ELECTRIFICACION DISTRITO SIMON BOLIVAR (VEREDAS COROCITO- ANGOSTURAS- RINCON DE BABAICA- CAÑO GUARAPO- CRAVO CHARRO- CASTILLA LA NUEVA- PUYEROS- LA HORMIGA- EL TRIUNFO- CRAVO COROZO Y SANTA INES),99999999,99999999,2015-01-01,2015-01-01,1,81,81794,AMPLIACION ELECTRIFICACION DISTRITO SIMON BOLIVAR (VEREDAS COROCITO- ANGOSTURAS- RINCON DE BABAICA- CAÑO GUARAPO- CRAVO CHARRO- CASTILLA LA NUEVA- PUYEROS- LA HORMIGA- EL TRIUNFO- CRAVO COROZO Y SANTA INES),0,0,2005240502,0,9666464228,0,192
1101,2015,CONSTRUCCION DE REDES DE MT Y BT EN LAS VEREDAS EL JAGUO- VILLANUEVA- GUARANDO- JITRADO- WINANDO- MOJAUDO- CALAHORRA- VILLA LUZ- EL TAMBO- CAMPO BONITO- DIVISA- ALTA GRACIA- PUERTO ALUMA Y LA PLAYA DEL MUNICIPIO DE QUIBDO- DEPARTAMENTO DEL CHOCO,99999999,99999999,2015-01-01,2015-01-01,1,27,27001,CONSTRUCCION DE REDES DE MT Y BT EN LAS VEREDAS EL JAGUO- VILLANUEVA- GUARANDO- JITRADO- WINANDO- MOJAUDO- CALAHORRA- VILLA LUZ- EL TAMBO- CAMPO BONITO- DIVISA- ALTA GRACIA- PUERTO ALUMA Y LA PLAYA DEL MUNICIPIO DE QUIBDO- DEPARTAMENTO DEL CHOCO,0,0,7661223726,0,14262362167,0,499
1101,2015,CONSTRUCCION DE REDES DE MEDIA Y BAJA TENSIÓN Y MONTAJE DE TRANSFORMADORES PARA LA ELECTRIFICACIÓN RURAL DE LAS VEREDAS,99999999,99999999,2015-01-01,2015-01-01,1,68,68176,CONSTRUCCION DE REDES DE MEDIA Y BAJA TENSIÓN Y MONTAJE DE TRANSFORMADORES PARA LA ELECTRIFICACIÓN RURAL DE LAS VEREDAS,0,0,6601138441,0,13202276882,0,675
1101,2015,CONSTRUCCION DE REDES DE MEDIA Y BAJA TENSIÓN Y MONTAJE DE TRANSFORMADORES PARA LA ELECTRIFICACIÓN RURAL DE LAS VEREDAS,99999999,99999999,2015-01-01,2015-01-01,1,68,68250,CONSTRUCCION DE REDES DE MEDIA Y BAJA TENSIÓN Y MONTAJE DE TRANSFORMADORES PARA LA ELECTRIFICACIÓN RURAL DE LAS VEREDAS,0,0,6601138441,0,13202276882,0,675
1101,2015,CONSTRUCCION DE REDES DE MEDIA Y BAJA TENSIÓN Y MONTAJE DE TRANSFORMADORES PARA LA ELECTRIFICACIÓN RURAL DE LAS VEREDAS,99999999,99999999,2015-01-01,2015-01-01,1,68,68464,CONSTRUCCION DE REDES DE MEDIA Y BAJA TENSIÓN Y MONTAJE DE TRANSFORMADORES PARA LA ELECTRIFICACIÓN RURAL DE LAS VEREDAS,0,0,6601138441,0,13202276882,0,675
1101,2015,CONSTRUCCION DE REDES DE MEDIA Y BAJA TENSIÓN Y MONTAJE DE TRANSFORMADORES PARA LA ELECTRIFICACIÓN RURAL DE LAS VEREDAS,99999999,99999999,2015-01-01,2015-01-01,1,68,68720,CONSTRUCCION DE REDES DE MEDIA Y BAJA TENSIÓN Y MONTAJE DE TRANSFORMADORES PARA LA ELECTRIFICACIÓN RURAL DE LAS VEREDAS,0,0,6601138441,0,13202276882,0,675
1112,2015,CONSTRUCCION DE REDES DE MEDIA Y BAJA TENSIÓN Y MONTAJE DE TRANSFORMADORES PARA LA ELECTRIFICACIÓN RURAL DE LAS VEREDAS,99999999,99999999,2015-01-01,2015-01-01,1,68,68147,CONSTRUCCION DE REDES DE MEDIA Y BAJA TENSIÓN Y MONTAJE DE TRANSFORMADORES PARA LA ELECTRIFICACIÓN RURAL DE LAS VEREDAS,0,0,6601138441,0,6955939175,0,675
1112,2015,ELECTRIFICACIÓN RURAL VEREDA LA PALMERA MUNICIPIO DE PLANADAS DEPARTAMENTO DE TOLIMA ,99999999,99999999,2015-01-01,2015-01-01,1,73,73555,ELECTRIFICACIÓN RURAL VEREDA LA PALMERA MUNICIPIO DE PLANADAS DEPARTAMENTO DE TOLIMA ,0,0,354800734,0,709601468,0,57
1116,2015,ELECTRIFICACIÓN RURAL VEREDA LA PALMERA MUNICIPIO DE PLANADAS DEPARTAMENTO DE TOLIMA ,99999999,99999999,2015-01-01,2015-01-01,1,73,73555,ELECTRIFICACIÓN RURAL VEREDA LA PALMERA MUNICIPIO DE PLANADAS DEPARTAMENTO DE TOLIMA ,0,0,354800734,0,8266804984,0,57
1118,2015,CONSTRUCCIÓN REDES DE MEDIA Y BAJA TENSIÓN Y MONTAJE DE TRANSFORMADORES PARA LA ELECTRIFICACIÓN RURAL DE LAS VEREDAS TABACURU - VIJA - CAÑO DE ORO -  ALTO BERLIN - LA COLINA -  CERRO AZUL - SAN JUAN - MATA DE FIQUE -  ALTO SICUE- BAJO SICUE- CAÑO FRIO- MONTES,99999999,99999999,2015-01-01,2015-01-01,1,13,13670,CONSTRUCCIÓN REDES DE MEDIA Y BAJA TENSIÓN Y MONTAJE DE TRANSFORMADORES PARA LA ELECTRIFICACIÓN RURAL DE LAS VEREDAS TABACURU - VIJA - CAÑO DE ORO -  ALTO BERLIN - LA COLINA -  CERRO AZUL - SAN JUAN - MATA DE FIQUE -  ALTO SICUE- BAJO SICUE- CAÑO FRIO- MONTES,0,0,7912004250,0,11535037378,0,795
1119,2015,AMPLIACION ELECTRIFICACION VEREDAS (CAÑO GUAYABO- EL MILAGRO- FILIPINAS- LAURELES I- LAURELES II- LOS REGADEROS- RINCON- SANTO DOMINGO),99999999,99999999,2015-01-01,2015-01-01,1,81,81794,AMPLIACION ELECTRIFICACION VEREDAS (CAÑO GUAYABO- EL MILAGRO- FILIPINAS- LAURELES I- LAURELES II- LOS REGADEROS- RINCON- SANTO DOMINGO),0,0,3623033128,0,4910024554,0,293
1126,2015,ELECTRIFICACION RURAL VEREDAS EL CASCAJO- MONTE BELLO,99999999,99999999,2015-01-01,2015-01-01,1,20,20032,ELECTRIFICACION RURAL VEREDAS EL CASCAJO- MONTE BELLO,0,0,1286991426,0,4919174345,0,69
1129,2015,AMPLIACION ELECTRIFICACION VEREDAS (BIRMANIA- CAÑO FLORES- CARACOLES- EL MILAGRO- EL SALEM- GUALANDAY- LA PRIMAVERA- MATECAÑA- MURIBA I- PUERTO GLORIA- SAN FRANCISCO SITIO NUEVO) ,99999999,99999999,2015-01-01,2015-01-01,1,81,81300,AMPLIACION ELECTRIFICACION VEREDAS (BIRMANIA- CAÑO FLORES- CARACOLES- EL MILAGRO- EL SALEM- GUALANDAY- LA PRIMAVERA- MATECAÑA- MURIBA I- PUERTO GLORIA- SAN FRANCISCO SITIO NUEVO) ,0,0,3632182919,0,7209220122,0,290
1131,2015,AMPLIACION ELECTRIFICACION VEREDAS:ALTO CAÑO ROJO- ALTO LA PAJUALINA- ALTO PLACERES- ALTO SAN MIGUEL- ALTO SOTACÁ- BAJO PESCADO- BANADÍA MEDIO- BARRACONES- BELLO HORIZONTE- CAMPO ALEGRE- CAÑO CLARO- CAÑO ROJO- CUATRO ESQUINAS- EL CONSUELO- ISLA DE BOJABA- LA PAVITA- MADRE VIEJA- MIRAMAR Y SAN RAFAEL DE BANADÍA  ,99999999,99999999,2015-01-01,2015-01-01,1,81,81736,AMPLIACION ELECTRIFICACION VEREDAS:ALTO CAÑO ROJO- ALTO LA PAJUALINA- ALTO PLACERES- ALTO SAN MIGUEL- ALTO SOTACÁ- BAJO PESCADO- BANADÍA MEDIO- BARRACONES- BELLO HORIZONTE- CAMPO ALEGRE- CAÑO CLARO- CAÑO ROJO- CUATRO ESQUINAS- EL CONSUELO- ISLA DE BOJABA- LA PAVITA- MADRE VIEJA- MIRAMAR Y SAN RAFAEL DE BANADÍA  ,0,0,3577037203,0,4471816503,0,273
1132,2015,ELECTRIFICACION RURAL VEREDAS EL PAKI-BELLA VISTA- EL GUAMARO- EL PAKI-CRUCERO- EL RETIRO- LA NEGRA- LA ISLA Y LA LOMA DE PIEDRA,99999999,99999999,2015-01-01,2015-01-01,1,70,70670,ELECTRIFICACION RURAL VEREDAS EL PAKI-BELLA VISTA- EL GUAMARO- EL PAKI-CRUCERO- EL RETIRO- LA NEGRA- LA ISLA Y LA LOMA DE PIEDRA,0,0,894779300,0,1248192980,0,193
1133,2015,ELECTRIFICACION RURAL VEREDA ANONALES,99999999,99999999,2015-01-01,2015-01-01,1,73,73217,ELECTRIFICACION RURAL VEREDA ANONALES,0,0,353413680,0,2089637553,0,40
1138,2015,ELECTRIFICACION RURAL VEREDAS CAPIGUARA- EL CENTRO- SANTA CECILIA- CAÑO RODRIGO Y SOCONBA,99999999,99999999,2015-01-01,2015-01-01,1,20,20045,ELECTRIFICACION RURAL VEREDAS CAPIGUARA- EL CENTRO- SANTA CECILIA- CAÑO RODRIGO Y SOCONBA,0,0,1736223873,0,1835306755,0,95
1139,2015,ELECTRIFICACION RURAL VEREDA SAN PABLO DEL MUNICIPIO DE PLANADAS DEPARTAMENTO DE TOLIMA,99999999,99999999,2015-01-01,2015-01-01,1,73,73555,ELECTRIFICACION RURAL VEREDA SAN PABLO DEL MUNICIPIO DE PLANADAS DEPARTAMENTO DE TOLIMA,0,0,99082882,0,253226161,0,14
1141,2015,ELECTRIFICACION RURAL VEREDA JAWEY- UBICADO EN EL MUNICIPIO DE FONSECA- DEPARTAMENTO DE LA GUAJIRA,99999999,99999999,2015-01-01,2015-01-01,1,44,44279,ELECTRIFICACION RURAL VEREDA JAWEY- UBICADO EN EL MUNICIPIO DE FONSECA- DEPARTAMENTO DE LA GUAJIRA,0,0,154143279,0,379758064,0,17
1142,2015,ELECTRIFICACION RURAL VEREDA LA LOMA,99999999,99999999,2015-01-01,2015-01-01,1,44,44650,ELECTRIFICACION RURAL VEREDA LA LOMA,0,0,225614785,0,513968707,0,28
1143,2015,ELECTRIFICACION RURAL VEREDA EL HORNO,99999999,99999999,2015-01-01,2015-01-01,1,44,44874,ELECTRIFICACION RURAL VEREDA EL HORNO,0,0,288353922,0,868840385,0,16
1144,2015,ELECTRIFICACION RURAL VEREDA EL ENEAL,99999999,99999999,2015-01-01,2015-01-01,1,44,44874,ELECTRIFICACION RURAL VEREDA EL ENEAL,0,0,580486463,0,1319896241,0,35
1145,2015,ELECTRIFICACION RURAL VEREDA SANTA CATALINA,99999999,99999999,2015-01-01,2015-01-01,1,70,70702,ELECTRIFICACION RURAL VEREDA SANTA CATALINA,0,0,739409778,0,1568125234,0,41
1147,2015,ELECTRIFICACION RURAL VEREDA LA SARAITA- EL RETIRO Y JUNCALITO,99999999,99999999,2015-01-01,2015-01-01,1,44,44874,ELECTRIFICACION RURAL VEREDA LA SARAITA- EL RETIRO Y JUNCALITO,0,0,828715456,0,1266236863,0,45
1148,2015,ELECTRIFICACION RURAL VEREDAS ALTO PINO - SIMALUNCIRA - USHULU- UBICADO EN EL MUNICIPIO DE MAICAO- DEPARTAMENTO DE LA GUAJIRA.,99999999,99999999,2015-01-01,2015-01-01,1,44,44430,ELECTRIFICACION RURAL VEREDAS ALTO PINO - SIMALUNCIRA - USHULU- UBICADO EN EL MUNICIPIO DE MAICAO- DEPARTAMENTO DE LA GUAJIRA.,0,0,437521407,0,618929089,0,71
1149,2015,ELECTRIFICACION RURAL VEREDA ANAMANA 2- UBICADO EN EL MUNICIPIO DE MAICAO- DEPARTAMENTO DE LA GUAJIRA,99999999,99999999,2015-01-01,2015-01-01,1,44,44430,ELECTRIFICACION RURAL VEREDA ANAMANA 2- UBICADO EN EL MUNICIPIO DE MAICAO- DEPARTAMENTO DE LA GUAJIRA,0,0,181407682,0,366879977,0,15
1159,2015,ELECTRIFICACION RURAL VEREDAS IRRUWANI - LOS ACEITUNO - LA PAZ- UBICADO EN EL MUNICIPIO DE MAICAO- DEPARTAMENTO DE LA GUAJIRA ,99999999,99999999,2015-01-01,2015-01-01,1,44,44430,ELECTRIFICACION RURAL VEREDAS IRRUWANI - LOS ACEITUNO - LA PAZ- UBICADO EN EL MUNICIPIO DE MAICAO- DEPARTAMENTO DE LA GUAJIRA ,0,0,185472295,0,3228474614,0,47
1160,2015,CONSTRUCCION DE REDES DE DISTRIBUCION ELECTRICA VEREDAS: ANDALUCIA- EL SOCORRO- LA PLANADA- EL CEDRAL Y TRASVAL PERTENECIENTES AL MUNICIPIO DE SAMANIEGO Y VEREDAS: EL SANDE- MADROÑO Y GUADALITO,99999999,99999999,2015-01-01,2015-01-01,1,52,52678,CONSTRUCCION DE REDES DE DISTRIBUCION ELECTRICA VEREDAS: ANDALUCIA- EL SOCORRO- LA PLANADA- EL CEDRAL Y TRASVAL PERTENECIENTES AL MUNICIPIO DE SAMANIEGO Y VEREDAS: EL SANDE- MADROÑO Y GUADALITO,0,0,3043002319,0,5003817024,0,280
1161,2015,CONSTRUCCION DE REDES DE DISTRIBUCION ELECTRICA EN LAS VEREDAS EL DECIO- BUENAVISTA Y BETANIA.,99999999,99999999,2015-01-01,2015-01-01,1,52,52678,CONSTRUCCION DE REDES DE DISTRIBUCION ELECTRICA EN LAS VEREDAS EL DECIO- BUENAVISTA Y BETANIA.,0,0,1960814705,0,2717712638,0,166
1162,2015,ELECTRIFICACIÓN RURAL VEREDAS PTO. GIRASOL- HATILLO- ESCUBRILLAL- CAÑO HERNAN UBICADO EN EL MUNICIPIO DE BARRANCO DE LOBA- DEPARTAMENTO DEL BOLÍVAR.,99999999,99999999,2015-01-01,2015-01-01,1,13,13074,ELECTRIFICACIÓN RURAL VEREDAS PTO. GIRASOL- HATILLO- ESCUBRILLAL- CAÑO HERNAN UBICADO EN EL MUNICIPIO DE BARRANCO DE LOBA- DEPARTAMENTO DEL BOLÍVAR.,0,0,756897933,0,1129133385,0,115
1163,2015,ELECTRIFICACIÓN RURAL VEREDA ARENAS DEL SUR- UBICADO EN EL MUNICIPIO DE EL CARMEN DE BOLÍVAR- DEPARTAMENTO DEL BOLÍVAR.,99999999,99999999,2015-01-01,2015-01-01,1,13,13244,ELECTRIFICACIÓN RURAL VEREDA ARENAS DEL SUR- UBICADO EN EL MUNICIPIO DE EL CARMEN DE BOLÍVAR- DEPARTAMENTO DEL BOLÍVAR.,0,0,372235452,0,6099883549,0,41
1164,2015,CONSTRUCCION DE LAS REDES DE MEDIA Y BAJA TENSION PARA LAS VEREDAS LA HOJA- COCAL- LA VARA- PALMERA- CABAÑA- PLAYA MENUDA- LA CUCHILLA- PROVIDENCIA- AGUAS CALIENTES- TAGUAL BELLAVISTA- TAGUALITO- TAGUAL- CUYANAL- CORAL- NEGRITAL- VILLAMORENO- LA LAGUNA- PORVENIR- PEÑAS BLANCAS- BUENA ESPERANZA Y PUERTO RICO.,99999999,99999999,2015-01-01,2015-01-01,1,52,52540,CONSTRUCCION DE LAS REDES DE MEDIA Y BAJA TENSION PARA LAS VEREDAS LA HOJA- COCAL- LA VARA- PALMERA- CABAÑA- PLAYA MENUDA- LA CUCHILLA- PROVIDENCIA- AGUAS CALIENTES- TAGUAL BELLAVISTA- TAGUALITO- TAGUAL- CUYANAL- CORAL- NEGRITAL- VILLAMORENO- LA LAGUNA- PORVENIR- PEÑAS BLANCAS- BUENA ESPERANZA Y PUERTO RICO.,0,0,5727648097,0,17796527544,0,461
1164,2015,CONSTRUCCIÓN REDES DE MEDIA Y BAJA TENSIÓN Y MONTAJE DE TRANSFORMADORES PARA LA ELECTRIFICACIÓN RURAL DE LAS VEREDAS DE LOS MUNICIPIOS EL PLAYÓN ¿ SIMACOTA ¿ PUERTO WILCHES ¿ EL CARMEN DE CHUCURI ¿ SUCRE ¿ LANDAZURI ¿ PARAMO ¿ CIMITARRA DEL DEPARTAMENTO DE SANTANDER,99999999,99999999,2015-01-01,2015-01-01,1,68,68255,CONSTRUCCIÓN REDES DE MEDIA Y BAJA TENSIÓN Y MONTAJE DE TRANSFORMADORES PARA LA ELECTRIFICACIÓN RURAL DE LAS VEREDAS DE LOS MUNICIPIOS EL PLAYÓN ¿ SIMACOTA ¿ PUERTO WILCHES ¿ EL CARMEN DE CHUCURI ¿ SUCRE ¿ LANDAZURI ¿ PARAMO ¿ CIMITARRA DEL DEPARTAMENTO DE SANTANDER,0,0,12068879447,0,24137758894,0,920
1164,2015,CONSTRUCCIÓN REDES DE MEDIA Y BAJA TENSIÓN Y MONTAJE DE TRANSFORMADORES PARA LA ELECTRIFICACIÓN RURAL DE LAS VEREDAS DE LOS MUNICIPIOS EL PLAYÓN ¿ SIMACOTA ¿ PUERTO WILCHES ¿ EL CARMEN DE CHUCURI ¿ SUCRE ¿ LANDAZURI ¿ PARAMO ¿ CIMITARRA DEL DEPARTAMENTO DE SANTANDER,99999999,99999999,2015-01-01,2015-01-01,1,68,68745,CONSTRUCCIÓN REDES DE MEDIA Y BAJA TENSIÓN Y MONTAJE DE TRANSFORMADORES PARA LA ELECTRIFICACIÓN RURAL DE LAS VEREDAS DE LOS MUNICIPIOS EL PLAYÓN ¿ SIMACOTA ¿ PUERTO WILCHES ¿ EL CARMEN DE CHUCURI ¿ SUCRE ¿ LANDAZURI ¿ PARAMO ¿ CIMITARRA DEL DEPARTAMENTO DE SANTANDER,0,0,12068879447,0,24137758894,0,920
1164,2015,CONSTRUCCIÓN REDES DE MEDIA Y BAJA TENSIÓN Y MONTAJE DE TRANSFORMADORES PARA LA ELECTRIFICACIÓN RURAL DE LAS VEREDAS DE LOS MUNICIPIOS EL PLAYÓN ¿ SIMACOTA ¿ PUERTO WILCHES ¿ EL CARMEN DE CHUCURI ¿ SUCRE ¿ LANDAZURI ¿ PARAMO ¿ CIMITARRA DEL DEPARTAMENTO DE SANTANDER,99999999,99999999,2015-01-01,2015-01-01,1,68,68575,CONSTRUCCIÓN REDES DE MEDIA Y BAJA TENSIÓN Y MONTAJE DE TRANSFORMADORES PARA LA ELECTRIFICACIÓN RURAL DE LAS VEREDAS DE LOS MUNICIPIOS EL PLAYÓN ¿ SIMACOTA ¿ PUERTO WILCHES ¿ EL CARMEN DE CHUCURI ¿ SUCRE ¿ LANDAZURI ¿ PARAMO ¿ CIMITARRA DEL DEPARTAMENTO DE SANTANDER,0,0,12068879447,0,24137758894,0,920
1164,2015,CONSTRUCCIÓN REDES DE MEDIA Y BAJA TENSIÓN Y MONTAJE DE TRANSFORMADORES PARA LA ELECTRIFICACIÓN RURAL DE LAS VEREDAS DE LOS MUNICIPIOS EL PLAYÓN ¿ SIMACOTA ¿ PUERTO WILCHES ¿ EL CARMEN DE CHUCURI ¿ SUCRE ¿ LANDAZURI ¿ PARAMO ¿ CIMITARRA DEL DEPARTAMENTO DE SANTANDER,99999999,99999999,2015-01-01,2015-01-01,1,68,68235,CONSTRUCCIÓN REDES DE MEDIA Y BAJA TENSIÓN Y MONTAJE DE TRANSFORMADORES PARA LA ELECTRIFICACIÓN RURAL DE LAS VEREDAS DE LOS MUNICIPIOS EL PLAYÓN ¿ SIMACOTA ¿ PUERTO WILCHES ¿ EL CARMEN DE CHUCURI ¿ SUCRE ¿ LANDAZURI ¿ PARAMO ¿ CIMITARRA DEL DEPARTAMENTO DE SANTANDER,0,0,12068879447,0,24137758894,0,920
1164,2015,CONSTRUCCIÓN REDES DE MEDIA Y BAJA TENSIÓN Y MONTAJE DE TRANSFORMADORES PARA LA ELECTRIFICACIÓN RURAL DE LAS VEREDAS DE LOS MUNICIPIOS EL PLAYÓN ¿ SIMACOTA ¿ PUERTO WILCHES ¿ EL CARMEN DE CHUCURI ¿ SUCRE ¿ LANDAZURI ¿ PARAMO ¿ CIMITARRA DEL DEPARTAMENTO DE SANTANDER,99999999,99999999,2015-01-01,2015-01-01,1,68,68773,CONSTRUCCIÓN REDES DE MEDIA Y BAJA TENSIÓN Y MONTAJE DE TRANSFORMADORES PARA LA ELECTRIFICACIÓN RURAL DE LAS VEREDAS DE LOS MUNICIPIOS EL PLAYÓN ¿ SIMACOTA ¿ PUERTO WILCHES ¿ EL CARMEN DE CHUCURI ¿ SUCRE ¿ LANDAZURI ¿ PARAMO ¿ CIMITARRA DEL DEPARTAMENTO DE SANTANDER,0,0,12068879447,0,24137758894,0,920
1164,2015,CONSTRUCCIÓN REDES DE MEDIA Y BAJA TENSIÓN Y MONTAJE DE TRANSFORMADORES PARA LA ELECTRIFICACIÓN RURAL DE LAS VEREDAS DE LOS MUNICIPIOS EL PLAYÓN ¿ SIMACOTA ¿ PUERTO WILCHES ¿ EL CARMEN DE CHUCURI ¿ SUCRE ¿ LANDAZURI ¿ PARAMO ¿ CIMITARRA DEL DEPARTAMENTO DE SANTANDER,99999999,99999999,2015-01-01,2015-01-01,1,68,68533,CONSTRUCCIÓN REDES DE MEDIA Y BAJA TENSIÓN Y MONTAJE DE TRANSFORMADORES PARA LA ELECTRIFICACIÓN RURAL DE LAS VEREDAS DE LOS MUNICIPIOS EL PLAYÓN ¿ SIMACOTA ¿ PUERTO WILCHES ¿ EL CARMEN DE CHUCURI ¿ SUCRE ¿ LANDAZURI ¿ PARAMO ¿ CIMITARRA DEL DEPARTAMENTO DE SANTANDER,0,0,12068879447,0,24137758894,0,920
1185,2015,CONSTRUCCIÓN REDES DE MEDIA Y BAJA TENSIÓN Y MONTAJE DE TRANSFORMADORES PARA LA ELECTRIFICACIÓN RURAL DE LAS VEREDAS DE LOS MUNICIPIOS EL PLAYÓN ¿ SIMACOTA ¿ PUERTO WILCHES ¿ EL CARMEN DE CHUCURI ¿ SUCRE ¿ LANDAZURI ¿ PARAMO ¿ CIMITARRA DEL DEPARTAMENTO DE SANTANDER,99999999,99999999,2015-01-01,2015-01-01,1,68,68190,CONSTRUCCIÓN REDES DE MEDIA Y BAJA TENSIÓN Y MONTAJE DE TRANSFORMADORES PARA LA ELECTRIFICACIÓN RURAL DE LAS VEREDAS DE LOS MUNICIPIOS EL PLAYÓN ¿ SIMACOTA ¿ PUERTO WILCHES ¿ EL CARMEN DE CHUCURI ¿ SUCRE ¿ LANDAZURI ¿ PARAMO ¿ CIMITARRA DEL DEPARTAMENTO DE SANTANDER,0,0,12068879447,0,13984277593,0,920